{
  "recordingID": "15H8M39S",
  "applicationName": "Myo",
  "frames": [
    {
      "frameStamp": "00:00:00.0300903",
      "frameAttributes": {
        "orientationW": "0",
        "orientationX": "0",
        "orientationY": "0",
        "orientationZ": "0",
        "pod0": "1",
        "pod1": "2",
        "pod2": "-3",
        "pod3": "-9",
        "pod4": "-68",
        "pod5": "0",
        "pod6": "-11",
        "pod7": "0"
      }
    },
    {
      "frameStamp": "00:00:00.0300903",
      "frameAttributes": {
        "orientationW": "0",
        "orientationX": "0",
        "orientationY": "0",
        "orientationZ": "0",
        "pod0": "1",
        "pod1": "2",
        "pod2": "-3",
        "pod3": "-9",
        "pod4": "-68",
        "pod5": "0",
        "pod6": "-11",
        "pod7": "0"
      }
    },
    {
      "frameStamp": "00:00:00.5395592",
      "frameAttributes": {
        "orientationW": "0",
        "orientationX": "0",
        "orientationY": "0",
        "orientationZ": "0",
        "pod0": "-2",
        "pod1": "1",
        "pod2": "1",
        "pod3": "-6",
        "pod4": "3",
        "pod5": "-5",
        "pod6": "-4",
        "pod7": "-1"
      }
    },
    {
      "frameStamp": "00:00:00.5405629",
      "frameAttributes": {
        "orientationW": "0",
        "orientationX": "0",
        "orientationY": "0",
        "orientationZ": "0",
        "pod0": "-2",
        "pod1": "1",
        "pod2": "1",
        "pod3": "-6",
        "pod4": "3",
        "pod5": "-5",
        "pod6": "-4",
        "pod7": "-1"
      }
    },
    {
      "frameStamp": "00:00:01.0454398",
      "frameAttributes": {
        "orientationW": "0",
        "orientationX": "0",
        "orientationY": "0",
        "orientationZ": "0",
        "pod0": "-2",
        "pod1": "1",
        "pod2": "1",
        "pod3": "-6",
        "pod4": "3",
        "pod5": "-5",
        "pod6": "-4",
        "pod7": "-1"
      }
    },
    {
      "frameStamp": "00:00:01.0539629",
      "frameAttributes": {
        "orientationW": "0",
        "orientationX": "0",
        "orientationY": "0",
        "orientationZ": "0",
        "pod0": "10",
        "pod1": "1",
        "pod2": "24",
        "pod3": "53",
        "pod4": "83",
        "pod5": "-66",
        "pod6": "16",
        "pod7": "35"
      }
    },
    {
      "frameStamp": "00:00:01.9168192",
      "frameAttributes": {
        "orientationW": "0",
        "orientationX": "0",
        "orientationY": "0",
        "orientationZ": "0",
        "pod0": "15",
        "pod1": "11",
        "pod2": "11",
        "pod3": "33",
        "pod4": "-20",
        "pod5": "-18",
        "pod6": "-46",
        "pod7": "-38"
      }
    },
    {
      "frameStamp": "00:00:01.9173198",
      "frameAttributes": {
        "orientationW": "0",
        "orientationX": "0",
        "orientationY": "0",
        "orientationZ": "0",
        "pod0": "15",
        "pod1": "11",
        "pod2": "11",
        "pod3": "33",
        "pod4": "-20",
        "pod5": "-18",
        "pod6": "-46",
        "pod7": "-38"
      }
    },
    {
      "frameStamp": "00:00:02.4201939",
      "frameAttributes": {
        "orientationW": "0",
        "orientationX": "0",
        "orientationY": "0",
        "orientationZ": "0",
        "pod0": "15",
        "pod1": "11",
        "pod2": "11",
        "pod3": "33",
        "pod4": "-20",
        "pod5": "-18",
        "pod6": "-46",
        "pod7": "-38"
      }
    },
    {
      "frameStamp": "00:00:02.4206957",
      "frameAttributes": {
        "orientationW": "0",
        "orientationX": "0",
        "orientationY": "0",
        "orientationZ": "0",
        "pod0": "2",
        "pod1": "3",
        "pod2": "10",
        "pod3": "46",
        "pod4": "25",
        "pod5": "-25",
        "pod6": "-4",
        "pod7": "-2"
      }
    },
    {
      "frameStamp": "00:00:02.9280786",
      "frameAttributes": {
        "orientationW": "0",
        "orientationX": "0",
        "orientationY": "0",
        "orientationZ": "0",
        "pod0": "-1",
        "pod1": "0",
        "pod2": "3",
        "pod3": "-5",
        "pod4": "13",
        "pod5": "22",
        "pod6": "3",
        "pod7": "-4"
      }
    },
    {
      "frameStamp": "00:00:02.9280786",
      "frameAttributes": {
        "orientationW": "0",
        "orientationX": "0",
        "orientationY": "0",
        "orientationZ": "0",
        "pod0": "-1",
        "pod1": "0",
        "pod2": "3",
        "pod3": "-5",
        "pod4": "13",
        "pod5": "22",
        "pod6": "3",
        "pod7": "-4"
      }
    },
    {
      "frameStamp": "00:00:03.4374690",
      "frameAttributes": {
        "orientationW": "0",
        "orientationX": "0",
        "orientationY": "0",
        "orientationZ": "0",
        "pod0": "0",
        "pod1": "-1",
        "pod2": "-13",
        "pod3": "-7",
        "pod4": "-27",
        "pod5": "-7",
        "pod6": "-1",
        "pod7": "0"
      }
    },
    {
      "frameStamp": "00:00:03.4384714",
      "frameAttributes": {
        "orientationW": "0",
        "orientationX": "0",
        "orientationY": "0",
        "orientationZ": "0",
        "pod0": "0",
        "pod1": "-1",
        "pod2": "-13",
        "pod3": "-7",
        "pod4": "-27",
        "pod5": "-7",
        "pod6": "-1",
        "pod7": "0"
      }
    },
    {
      "frameStamp": "00:00:03.9473619",
      "frameAttributes": {
        "orientationW": "0",
        "orientationX": "0",
        "orientationY": "0",
        "orientationZ": "0",
        "pod0": "-3",
        "pod1": "-2",
        "pod2": "-6",
        "pod3": "0",
        "pod4": "16",
        "pod5": "59",
        "pod6": "-10",
        "pod7": "-3"
      }
    },
    {
      "frameStamp": "00:00:03.9478624",
      "frameAttributes": {
        "orientationW": "0",
        "orientationX": "0",
        "orientationY": "0",
        "orientationZ": "0",
        "pod0": "-3",
        "pod1": "-2",
        "pod2": "-6",
        "pod3": "0",
        "pod4": "16",
        "pod5": "59",
        "pod6": "-10",
        "pod7": "-3"
      }
    },
    {
      "frameStamp": "00:00:04.4502333",
      "frameAttributes": {
        "orientationW": "0",
        "orientationX": "0",
        "orientationY": "0",
        "orientationZ": "0",
        "pod0": "-3",
        "pod1": "-2",
        "pod2": "-6",
        "pod3": "0",
        "pod4": "16",
        "pod5": "59",
        "pod6": "-10",
        "pod7": "-3"
      }
    },
    {
      "frameStamp": "00:00:04.4512364",
      "frameAttributes": {
        "orientationW": "0",
        "orientationX": "0",
        "orientationY": "0",
        "orientationZ": "0",
        "pod0": "-1",
        "pod1": "0",
        "pod2": "6",
        "pod3": "21",
        "pod4": "-39",
        "pod5": "-43",
        "pod6": "-9",
        "pod7": "-6"
      }
    },
    {
      "frameStamp": "00:00:04.9591232",
      "frameAttributes": {
        "orientationW": "0",
        "orientationX": "0",
        "orientationY": "0",
        "orientationZ": "0",
        "pod0": "-4",
        "pod1": "3",
        "pod2": "-5",
        "pod3": "1",
        "pod4": "-7",
        "pod5": "-6",
        "pod6": "-1",
        "pod7": "-1"
      }
    },
    {
      "frameStamp": "00:00:04.9671464",
      "frameAttributes": {
        "orientationW": "0",
        "orientationX": "0",
        "orientationY": "0",
        "orientationZ": "0",
        "pod0": "-4",
        "pod1": "3",
        "pod2": "-5",
        "pod3": "1",
        "pod4": "-7",
        "pod5": "-6",
        "pod6": "-1",
        "pod7": "-1"
      }
    },
    {
      "frameStamp": "00:00:05.4624964",
      "frameAttributes": {
        "orientationW": "0",
        "orientationX": "0",
        "orientationY": "0",
        "orientationZ": "0",
        "pod0": "-3",
        "pod1": "-11",
        "pod2": "1",
        "pod3": "-7",
        "pod4": "8",
        "pod5": "-5",
        "pod6": "2",
        "pod7": "1"
      }
    },
    {
      "frameStamp": "00:00:05.4755324",
      "frameAttributes": {
        "orientationW": "0",
        "orientationX": "0",
        "orientationY": "0",
        "orientationZ": "0",
        "pod0": "-3",
        "pod1": "-11",
        "pod2": "1",
        "pod3": "-7",
        "pod4": "8",
        "pod5": "-5",
        "pod6": "2",
        "pod7": "1"
      }
    },
    {
      "frameStamp": "00:00:05.9668762",
      "frameAttributes": {
        "orientationW": "0",
        "orientationX": "0",
        "orientationY": "0",
        "orientationZ": "0",
        "pod0": "-2",
        "pod1": "-12",
        "pod2": "-13",
        "pod3": "5",
        "pod4": "-67",
        "pod5": "-17",
        "pod6": "-8",
        "pod7": "-3"
      }
    },
    {
      "frameStamp": "00:00:05.9884318",
      "frameAttributes": {
        "orientationW": "0",
        "orientationX": "0",
        "orientationY": "0",
        "orientationZ": "0",
        "pod0": "-2",
        "pod1": "-12",
        "pod2": "-13",
        "pod3": "5",
        "pod4": "-67",
        "pod5": "-17",
        "pod6": "-8",
        "pod7": "-3"
      }
    },
    {
      "frameStamp": "00:00:06.4687431",
      "frameAttributes": {
        "orientationW": "0",
        "orientationX": "0",
        "orientationY": "0",
        "orientationZ": "0",
        "pod0": "-3",
        "pod1": "-1",
        "pod2": "1",
        "pod3": "1",
        "pod4": "-12",
        "pod5": "7",
        "pod6": "2",
        "pod7": "-2"
      }
    },
    {
      "frameStamp": "00:00:06.5183781",
      "frameAttributes": {
        "orientationW": "0",
        "orientationX": "0",
        "orientationY": "0",
        "orientationZ": "0",
        "pod0": "-3",
        "pod1": "-1",
        "pod2": "1",
        "pod3": "1",
        "pod4": "-12",
        "pod5": "7",
        "pod6": "2",
        "pod7": "-2"
      }
    },
    {
      "frameStamp": "00:00:06.9711140",
      "frameAttributes": {
        "orientationW": "0",
        "orientationX": "0",
        "orientationY": "0",
        "orientationZ": "0",
        "pod0": "-2",
        "pod1": "-1",
        "pod2": "-1",
        "pod3": "1",
        "pod4": "-3",
        "pod5": "18",
        "pod6": "-4",
        "pod7": "-1"
      }
    },
    {
      "frameStamp": "00:00:07.0312796",
      "frameAttributes": {
        "orientationW": "0",
        "orientationX": "0",
        "orientationY": "0",
        "orientationZ": "0",
        "pod0": "-2",
        "pod1": "-1",
        "pod2": "-1",
        "pod3": "1",
        "pod4": "-3",
        "pod5": "18",
        "pod6": "-4",
        "pod7": "-1"
      }
    },
    {
      "frameStamp": "00:00:07.4744880",
      "frameAttributes": {
        "orientationW": "0",
        "orientationX": "0",
        "orientationY": "0",
        "orientationZ": "0",
        "pod0": "-4",
        "pod1": "-1",
        "pod2": "-1",
        "pod3": "0",
        "pod4": "17",
        "pod5": "11",
        "pod6": "3",
        "pod7": "-2"
      }
    },
    {
      "frameStamp": "00:00:07.5336505",
      "frameAttributes": {
        "orientationW": "0",
        "orientationX": "0",
        "orientationY": "0",
        "orientationZ": "0",
        "pod0": "-4",
        "pod1": "-1",
        "pod2": "-1",
        "pod3": "0",
        "pod4": "17",
        "pod5": "11",
        "pod6": "3",
        "pod7": "-2"
      }
    },
    {
      "frameStamp": "00:00:07.9808698",
      "frameAttributes": {
        "orientationW": "0",
        "orientationX": "0",
        "orientationY": "0",
        "orientationZ": "0",
        "pod0": "0",
        "pod1": "-2",
        "pod2": "-1",
        "pod3": "-1",
        "pod4": "30",
        "pod5": "-11",
        "pod6": "-1",
        "pod7": "-1"
      }
    },
    {
      "frameStamp": "00:00:08.0355215",
      "frameAttributes": {
        "orientationW": "0",
        "orientationX": "0",
        "orientationY": "0",
        "orientationZ": "0",
        "pod0": "0",
        "pod1": "-2",
        "pod2": "-1",
        "pod3": "-1",
        "pod4": "30",
        "pod5": "-11",
        "pod6": "-1",
        "pod7": "-1"
      }
    },
    {
      "frameStamp": "00:00:08.4827401",
      "frameAttributes": {
        "orientationW": "0",
        "orientationX": "0",
        "orientationY": "0",
        "orientationZ": "0",
        "pod0": "-1",
        "pod1": "3",
        "pod2": "-4",
        "pod3": "-1",
        "pod4": "-9",
        "pod5": "-2",
        "pod6": "8",
        "pod7": "-2"
      }
    },
    {
      "frameStamp": "00:00:08.5644654",
      "frameAttributes": {
        "orientationW": "0",
        "orientationX": "0",
        "orientationY": "0",
        "orientationZ": "0",
        "pod0": "-1",
        "pod1": "3",
        "pod2": "-4",
        "pod3": "-1",
        "pod4": "-9",
        "pod5": "-2",
        "pod6": "8",
        "pod7": "-2"
      }
    },
    {
      "frameStamp": "00:00:08.9991500",
      "frameAttributes": {
        "orientationW": "0",
        "orientationX": "0",
        "orientationY": "0",
        "orientationZ": "0",
        "pod0": "6",
        "pod1": "-1",
        "pod2": "-5",
        "pod3": "1",
        "pod4": "16",
        "pod5": "-35",
        "pod6": "-6",
        "pod7": "-1"
      }
    },
    {
      "frameStamp": "00:00:09.0848835",
      "frameAttributes": {
        "orientationW": "0",
        "orientationX": "0",
        "orientationY": "0",
        "orientationZ": "0",
        "pod0": "6",
        "pod1": "-1",
        "pod2": "-5",
        "pod3": "1",
        "pod4": "16",
        "pod5": "-35",
        "pod6": "-6",
        "pod7": "-1"
      }
    },
    {
      "frameStamp": "00:00:09.5145561",
      "frameAttributes": {
        "orientationW": "0",
        "orientationX": "0",
        "orientationY": "0",
        "orientationZ": "0",
        "pod0": "32",
        "pod1": "-11",
        "pod2": "1",
        "pod3": "4",
        "pod4": "28",
        "pod5": "-75",
        "pod6": "5",
        "pod7": "27"
      }
    },
    {
      "frameStamp": "00:00:09.6093187",
      "frameAttributes": {
        "orientationW": "0",
        "orientationX": "0",
        "orientationY": "0",
        "orientationZ": "0",
        "pod0": "32",
        "pod1": "-11",
        "pod2": "1",
        "pod3": "4",
        "pod4": "28",
        "pod5": "-75",
        "pod6": "5",
        "pod7": "27"
      }
    },
    {
      "frameStamp": "00:00:10.0149222",
      "frameAttributes": {
        "orientationW": "0",
        "orientationX": "0",
        "orientationY": "0",
        "orientationZ": "0",
        "pod0": "19",
        "pod1": "-11",
        "pod2": "-6",
        "pod3": "-19",
        "pod4": "13",
        "pod5": "22",
        "pod6": "-22",
        "pod7": "-5"
      }
    },
    {
      "frameStamp": "00:00:10.1267275",
      "frameAttributes": {
        "orientationW": "0",
        "orientationX": "0",
        "orientationY": "0",
        "orientationZ": "0",
        "pod0": "19",
        "pod1": "-11",
        "pod2": "-6",
        "pod3": "-19",
        "pod4": "13",
        "pod5": "22",
        "pod6": "-22",
        "pod7": "-5"
      }
    },
    {
      "frameStamp": "00:00:10.5182968",
      "frameAttributes": {
        "orientationW": "0",
        "orientationX": "0",
        "orientationY": "0",
        "orientationZ": "0",
        "pod0": "37",
        "pod1": "9",
        "pod2": "-4",
        "pod3": "-3",
        "pod4": "-4",
        "pod5": "85",
        "pod6": "14",
        "pod7": "52"
      }
    },
    {
      "frameStamp": "00:00:10.6280953",
      "frameAttributes": {
        "orientationW": "0",
        "orientationX": "0",
        "orientationY": "0",
        "orientationZ": "0",
        "pod0": "37",
        "pod1": "9",
        "pod2": "-4",
        "pod3": "-3",
        "pod4": "-4",
        "pod5": "85",
        "pod6": "14",
        "pod7": "52"
      }
    },
    {
      "frameStamp": "00:00:11.0211682",
      "frameAttributes": {
        "orientationW": "0",
        "orientationX": "0",
        "orientationY": "0",
        "orientationZ": "0",
        "pod0": "-1",
        "pod1": "-1",
        "pod2": "-1",
        "pod3": "1",
        "pod4": "1",
        "pod5": "-49",
        "pod6": "0",
        "pod7": "14"
      }
    },
    {
      "frameStamp": "00:00:11.1500218",
      "frameAttributes": {
        "orientationW": "0",
        "orientationX": "0",
        "orientationY": "0",
        "orientationZ": "0",
        "pod0": "-1",
        "pod1": "-1",
        "pod2": "-1",
        "pod3": "1",
        "pod4": "1",
        "pod5": "-49",
        "pod6": "0",
        "pod7": "14"
      }
    },
    {
      "frameStamp": "00:00:11.5235405",
      "frameAttributes": {
        "orientationW": "0",
        "orientationX": "0",
        "orientationY": "0",
        "orientationZ": "0",
        "pod0": "1",
        "pod1": "4",
        "pod2": "2",
        "pod3": "2",
        "pod4": "-6",
        "pod5": "-50",
        "pod6": "-1",
        "pod7": "-1"
      }
    },
    {
      "frameStamp": "00:00:11.6709445",
      "frameAttributes": {
        "orientationW": "0",
        "orientationX": "0",
        "orientationY": "0",
        "orientationZ": "0",
        "pod0": "1",
        "pod1": "4",
        "pod2": "2",
        "pod3": "2",
        "pod4": "-6",
        "pod5": "-50",
        "pod6": "-1",
        "pod7": "-1"
      }
    },
    {
      "frameStamp": "00:00:12.0254095",
      "frameAttributes": {
        "orientationW": "0",
        "orientationX": "0",
        "orientationY": "0",
        "orientationZ": "0",
        "pod0": "-1",
        "pod1": "-1",
        "pod2": "-1",
        "pod3": "-4",
        "pod4": "22",
        "pod5": "0",
        "pod6": "1",
        "pod7": "-3"
      }
    },
    {
      "frameStamp": "00:00:12.1853468",
      "frameAttributes": {
        "orientationW": "0",
        "orientationX": "0",
        "orientationY": "0",
        "orientationZ": "0",
        "pod0": "-1",
        "pod1": "-1",
        "pod2": "-1",
        "pod3": "-4",
        "pod4": "22",
        "pod5": "0",
        "pod6": "1",
        "pod7": "-3"
      }
    },
    {
      "frameStamp": "00:00:12.5468334",
      "frameAttributes": {
        "orientationW": "0",
        "orientationX": "0",
        "orientationY": "0",
        "orientationZ": "0",
        "pod0": "-2",
        "pod1": "2",
        "pod2": "-4",
        "pod3": "-6",
        "pod4": "-18",
        "pod5": "52",
        "pod6": "4",
        "pod7": "-4"
      }
    },
    {
      "frameStamp": "00:00:12.6932384",
      "frameAttributes": {
        "orientationW": "0",
        "orientationX": "0",
        "orientationY": "0",
        "orientationZ": "0",
        "pod0": "-2",
        "pod1": "2",
        "pod2": "-4",
        "pod3": "-6",
        "pod4": "-18",
        "pod5": "52",
        "pod6": "4",
        "pod7": "-4"
      }
    },
    {
      "frameStamp": "00:00:13.0617389",
      "frameAttributes": {
        "orientationW": "0",
        "orientationX": "0",
        "orientationY": "0",
        "orientationZ": "0",
        "pod0": "-1",
        "pod1": "2",
        "pod2": "-1",
        "pod3": "-2",
        "pod4": "-9",
        "pod5": "-12",
        "pod6": "-1",
        "pod7": "-2"
      }
    },
    {
      "frameStamp": "00:00:13.2056319",
      "frameAttributes": {
        "orientationW": "0",
        "orientationX": "0",
        "orientationY": "0",
        "orientationZ": "0",
        "pod0": "-1",
        "pod1": "2",
        "pod2": "-1",
        "pod3": "-2",
        "pod4": "-9",
        "pod5": "-12",
        "pod6": "-1",
        "pod7": "-2"
      }
    },
    {
      "frameStamp": "00:00:13.5646124",
      "frameAttributes": {
        "orientationW": "0",
        "orientationX": "0",
        "orientationY": "0",
        "orientationZ": "0",
        "pod0": "-2",
        "pod1": "6",
        "pod2": "-7",
        "pod3": "-1",
        "pod4": "-2",
        "pod5": "-28",
        "pod6": "-3",
        "pod7": "-4"
      }
    },
    {
      "frameStamp": "00:00:13.7075022",
      "frameAttributes": {
        "orientationW": "0",
        "orientationX": "0",
        "orientationY": "0",
        "orientationZ": "0",
        "pod0": "-2",
        "pod1": "6",
        "pod2": "-7",
        "pod3": "-1",
        "pod4": "-2",
        "pod5": "-28",
        "pod6": "-3",
        "pod7": "-4"
      }
    },
    {
      "frameStamp": "00:00:14.0755063",
      "frameAttributes": {
        "orientationW": "0",
        "orientationX": "0",
        "orientationY": "0",
        "orientationZ": "0",
        "pod0": "9",
        "pod1": "-10",
        "pod2": "2",
        "pod3": "-4",
        "pod4": "-9",
        "pod5": "-2",
        "pod6": "-2",
        "pod7": "8"
      }
    },
    {
      "frameStamp": "00:00:14.2088693",
      "frameAttributes": {
        "orientationW": "0",
        "orientationX": "0",
        "orientationY": "0",
        "orientationZ": "0",
        "pod0": "9",
        "pod1": "-10",
        "pod2": "2",
        "pod3": "-4",
        "pod4": "-9",
        "pod5": "-2",
        "pod6": "-2",
        "pod7": "8"
      }
    },
    {
      "frameStamp": "00:00:14.5874027",
      "frameAttributes": {
        "orientationW": "0",
        "orientationX": "0",
        "orientationY": "0",
        "orientationZ": "0",
        "pod0": "10",
        "pod1": "18",
        "pod2": "-2",
        "pod3": "3",
        "pod4": "57",
        "pod5": "8",
        "pod6": "4",
        "pod7": "17"
      }
    },
    {
      "frameStamp": "00:00:14.7117421",
      "frameAttributes": {
        "orientationW": "0",
        "orientationX": "0",
        "orientationY": "0",
        "orientationZ": "0",
        "pod0": "10",
        "pod1": "18",
        "pod2": "-2",
        "pod3": "3",
        "pod4": "57",
        "pod5": "8",
        "pod6": "4",
        "pod7": "17"
      }
    },
    {
      "frameStamp": "00:00:15.0972943",
      "frameAttributes": {
        "orientationW": "0",
        "orientationX": "0",
        "orientationY": "0",
        "orientationZ": "0",
        "pod0": "4",
        "pod1": "-2",
        "pod2": "-9",
        "pod3": "-7",
        "pod4": "9",
        "pod5": "13",
        "pod6": "-11",
        "pod7": "11"
      }
    },
    {
      "frameStamp": "00:00:15.2151160",
      "frameAttributes": {
        "orientationW": "0",
        "orientationX": "0",
        "orientationY": "0",
        "orientationZ": "0",
        "pod0": "4",
        "pod1": "-2",
        "pod2": "-9",
        "pod3": "-7",
        "pod4": "9",
        "pod5": "13",
        "pod6": "-11",
        "pod7": "11"
      }
    },
    {
      "frameStamp": "00:00:15.6152078",
      "frameAttributes": {
        "orientationW": "0",
        "orientationX": "0",
        "orientationY": "0",
        "orientationZ": "0",
        "pod0": "0",
        "pod1": "-2",
        "pod2": "-2",
        "pod3": "-2",
        "pod4": "-12",
        "pod5": "-43",
        "pod6": "2",
        "pod7": "0"
      }
    },
    {
      "frameStamp": "00:00:15.7315259",
      "frameAttributes": {
        "orientationW": "0",
        "orientationX": "0",
        "orientationY": "0",
        "orientationZ": "0",
        "pod0": "0",
        "pod1": "-2",
        "pod2": "-2",
        "pod3": "-2",
        "pod4": "-12",
        "pod5": "-43",
        "pod6": "2",
        "pod7": "0"
      }
    },
    {
      "frameStamp": "00:00:16.1155860",
      "frameAttributes": {
        "orientationW": "0",
        "orientationX": "0",
        "orientationY": "0",
        "orientationZ": "0",
        "pod0": "-4",
        "pod1": "0",
        "pod2": "1",
        "pod3": "31",
        "pod4": "3",
        "pod5": "-9",
        "pod6": "-1",
        "pod7": "-1"
      }
    },
    {
      "frameStamp": "00:00:16.2494394",
      "frameAttributes": {
        "orientationW": "0",
        "orientationX": "0",
        "orientationY": "0",
        "orientationZ": "0",
        "pod0": "-4",
        "pod1": "0",
        "pod2": "1",
        "pod3": "31",
        "pod4": "3",
        "pod5": "-9",
        "pod6": "-1",
        "pod7": "-1"
      }
    },
    {
      "frameStamp": "00:00:16.6174435",
      "frameAttributes": {
        "orientationW": "0",
        "orientationX": "0",
        "orientationY": "0",
        "orientationZ": "0",
        "pod0": "-1",
        "pod1": "1",
        "pod2": "-1",
        "pod3": "0",
        "pod4": "-2",
        "pod5": "2",
        "pod6": "-2",
        "pod7": "0"
      }
    },
    {
      "frameStamp": "00:00:16.7633412",
      "frameAttributes": {
        "orientationW": "0",
        "orientationX": "0",
        "orientationY": "0",
        "orientationZ": "0",
        "pod0": "-1",
        "pod1": "1",
        "pod2": "-1",
        "pod3": "0",
        "pod4": "-2",
        "pod5": "2",
        "pod6": "-2",
        "pod7": "0"
      }
    }
  ]
}